MSOA,Longitude,Latitude,Score
E02000976,-0.186302730327006,51.5172768800034,7.798858447488584
E02000275,-0.376020654080836,51.5052456032123,6.383060109289617
E02000625,-0.133908397948941,51.475621878342,10.190196078431374
E02000024,-0.199871813419522,51.6701698675162,1.7879327902240325
E02000379,-0.249382516535859,51.5046070681871,4.219701986754967
E02000249,-0.351411868870341,51.5370950270878,7.008333333333334
E02000601,-0.292715111671145,51.4228240993842,8.91549295774648
E02000953,-0.183567455256409,51.4410664684284,5.710810810810811
E02007113,-0.00464698937523921,51.5116919730338,9.266666666666666
E02006994,0.0416546312142418,51.4953803363348,9.01025459688826
E02000723,0.0554172922810308,51.5449457020342,17.133739837398373
E02000047,-0.263374076719326,51.6091940115617,3.759083044982699
E02000578,-0.214730906647599,51.5246389662444,8.7
E02000226,-0.0587961967435456,51.3594043965942,1.5857142857142859
E02000930,-0.166193651055769,51.471498039113,10.059767025089606
E02000747,-0.00554053352115218,51.5238926611862,7.069186046511628
E02000403,-0.100214560456861,51.6084250990336,7.120050761421321
E02000071,0.154916091588102,51.4794511640486,3.7574324324324326
E02000201,-0.0681646282740458,51.4035015631527,6.296385542168675
E02000906,-0.0234217912455521,51.5960093406865,15.866115702479338
E02000776,0.0816364829565276,51.5641612742983,12.855985915492957
E02000555,-0.127065239078462,51.5737640631845,8.122883597883597
E02000426,-0.153781683758981,51.5860580825193,4.976190476190476
E02000095,-0.272598408460999,51.5905583017405,4.729455445544555
E02000532,-0.244779454490665,51.4880006360864,7.61153846153846
E02000457,-0.375467075693849,51.5837399899266,7.734042553191492
E02000801,-0.346603109939918,51.434526543966,5.50128205128205
E02000119,-0.25663216645884,51.5469428231214,6.5625
E02000826,-0.0842278608868971,51.4809083844706,10.800675675675675
E02000144,0.0193438630816978,51.4071989808316,4.746779141104294
E02000219,-0.0376008747596379,51.3813896377242,3.7350117096018742
E02000849,-0.151062690153338,51.374144427903,5.119465648854963
E02000409,-0.0794091904240175,51.5977265121435,18.25789473684211
E02000168,-0.14082193853409,51.5618164222553,9.334730538922155
E02000873,-0.0429360330782604,51.5310962225597,10.266666666666666
E02000298,-0.0912321571004612,51.6394014292574,7.483333333333333
E02000432,-0.105208680880358,51.5772664990437,10.73771186440678
E02000706,-0.16744375916646,51.4113414670034,4.45339116719243
E02000970,-0.145179767562419,51.5235262867889,5.591638225255973
E02000030,-0.228919129551485,51.6599750216111,1.5471204188481673
E02000385,-0.205317163125987,51.4904385252921,10.168852459016396
E02000595,-0.170178693176692,51.49034573821,8.774180327868851
E02000243,-0.341322327029427,51.5460197630988,10.156323877068559
E02000607,-0.296237966479413,51.4051867207574,6.820967741935483
E02000959,-0.138375257501311,51.4293562433367,6.785465116279069
E02000642,-0.0926344132163016,51.4405900290177,8.623797250859107
E02000334,0.0310612232192127,51.4737222406901,3.983333333333334
E02000292,-0.0633705180125573,51.6614606906562,4.118650793650794
E02000182,-0.180105085809243,51.54671780846,4.040128755364807
E02000176,-0.162875826954108,51.548551396571,4.155263157894737
E02000451,-0.373036532213204,51.6009190767161,7.257673267326733
E02000443,-0.339603919541287,51.6041231668947,3.912853107344633
E02000807,-0.0371565980358808,51.5072055425074,10.29213780918728
E02000864,-0.0291594952482264,51.5424822117875,10.388679245283019
E02000345,-0.0603951028057935,51.5763264708131,5.602564102564102
E02006970,-0.380413182464767,51.5034220107577,6.078048780487806
E02000498,-0.44303209309932,51.5964634788712,2.5347328244274814
E02000232,-0.0669290062768264,51.3421582413025,0.4298850574712644
E02000754,0.0533720835791406,51.6183050488913,4.709448818897638
E02000078,0.168351681878697,51.4730301048337,3.699606299212599
E02000648,-0.0915763271726316,51.4320193225752,6.486879432624114
E02000912,-0.0441271680647564,51.5807460766258,11.581496062992125
E02000890,-0.0793691889579074,51.5078126901602,4.47475369458128
E02000367,-0.0553233962291538,51.543365386984,11.53844902386117
E02000211,-0.0468142071100193,51.3918535179567,2.0035714285714286
E02000736,0.0648615855075147,51.5371881261504,10.027131782945734
E02000915,0.0152599911512462,51.5817068734518,11.326234567901233
E02000840,-0.171908159100076,51.3925549646776,6.078787878787878
E02000492,0.219583871190953,51.537631544487,3.7228835978835977
E02000137,0.00643778044813765,51.4152093792447,3.5972222222222223
E02000760,0.0799753284595741,51.5971548856297,0.5333333333333334
E02000516,-0.387269512096339,51.5296177580711,5.11171096345515
E02000466,0.196688425058015,51.6253147463676,0.4869909502262444
E02000795,-0.266868215174096,51.463615125632,4.914955849889624
E02000538,-0.411266511182798,51.4872305250373,2.733450704225352
E02000709,-0.214064252631535,51.4038587220967,2.079545454545454
E02000010,0.1543603753996,51.5512656565108,3.948969072164948
E02000188,-0.140484224755825,51.5319361851925,3.592883211678832
E02007008,-0.0169450302540462,51.4690801578877,8.379878048780487
E02006930,0.00768660820632766,51.4893273421268,11.640942028985506
E02000016,0.0691825169389809,51.5438227623087,5.942857142857143
E02000715,0.0646443974090975,51.5564539371678,9.921052631578945
E02000113,-0.259224751291078,51.5563844511778,4.463038277511961
E02000692,-0.20374965186062,51.4281337423739,6.827164502164503
E02000165,0.00869111822269097,51.3314226236844,0.075
E02000685,-0.0530968359200918,51.4307360464287,7.256796116504854
E02000639,-0.128892814087253,51.4494969016433,7.7737309644670045
E02000820,-0.0979454774819593,51.4917769060982,10.990236051502146
E02000870,-0.0455814707662095,51.5311397380933,7.705555555555556
E02000587,-0.194394911238806,51.5005900567137,9.881372549019607
E02000846,-0.190708143383172,51.3827914407793,5.61341059602649
E02000486,0.220519477520435,51.5587937662421,1.1999999999999997
E02000663,-0.0193395741722825,51.4677139846988,8.960245901639343
E02000510,-0.450266449929809,51.5419047329507,3.24288256227758
E02000561,-0.124059552067,51.5610619017281,7.886363636363637
E02000092,0.1534807513782,51.4359966272784,2.290083135391924
E02000619,-0.112427860252207,51.49533777648,10.736781609195404
E02000884,-0.0624826898836518,51.5173110024492,5.992318059299191
E02000360,-0.0659383105172977,51.5541685411266,10.052272727272728
E02000898,-0.00793295789967323,51.626874496687,5.744409282700422
E02000787,-0.276732628979217,51.480570633931,7.009708737864077
E02000255,-0.318772257978327,51.5288445566134,7.083333333333334
E02000772,0.116502322976579,51.5806729073475,2.651754385964912
E02000204,-0.115299388685479,51.3962860428332,5.064726027397261
E02006988,-0.0970300680624695,51.369182711894,3.9934782608695656
E02000730,0.032728121028025,51.5416139262153,21.630434782608695
E02000581,-0.209079609091981,51.5159879956311,6.3113636363636365
E02000670,-0.00868078678862941,51.450313311641,8.616666666666667
E02006788,-0.0506296874967585,51.3995621309109,6.101344086021505
E02006801,-0.110736373900766,51.5084475207011,10.690492957746478
E02000317,0.0530802250030309,51.4927693146357,1.7196969696969697
E02000412,-0.105275753520182,51.5972115990183,11.573606271777004
E02000264,-0.288631849829164,51.5151250545341,5.1826923076923075
E02000003,0.148470853075206,51.5808325960451,3.16078431372549
E02000158,0.116960234913767,51.377618049919,2.402710843373494
E02000152,0.0656522939283902,51.3891720500561,2.087605042016807
E02000832,-0.0527775445353726,51.471552228983,11.662280701754387
E02000054,-0.236861517368428,51.6015280410497,2.8377162629757784
E02000936,-0.206403946715654,51.4599743861981,8.106564245810056
E02000575,-0.0975658776250883,51.529549233746,8.127352048558421
E02000309,-0.0550748248288922,51.6187193311463,6.225632911392404
E02006794,-0.0660238287517596,51.6086407869484,7.735606060606061
E02000522,-0.465916383800111,51.5078457588189,4.9305970149253735
E02000472,0.175168728658783,51.5973930452476,2.6
E02000098,-0.281864962099964,51.5839250453207,3.8031914893617023
E02000454,-0.39154871352369,51.5920147190791,4.062823834196891
E02000804,-0.333545676812181,51.4314425154937,4.555219206680585
E02000552,-0.42214473313605,51.447218123542,3.2909151193633956
E02000074,0.170330824568625,51.4766777157968,5.091666666666667
E02000198,-0.0905857474098903,51.4115122306178,9.676950354609929
E02000781,0.109415694476698,51.5583610896133,1.834440559440559
E02000429,-0.128687351378988,51.583175334647,3.381081081081081
E02000501,-0.39831371821909,51.5774169116998,2.6860062893081764
E02000852,-0.181776783147617,51.3750255538462,1.6480769230769234
E02006798,-0.0191296135818974,51.477997804228,10.604411764705883
E02000122,-0.221399833435589,51.54620857191,9.214473684210526
E02000478,0.226180101014971,51.5809265951468,1.242857142857143
E02000829,-0.0598021128457651,51.4807588308832,8.014593908629442
E02006991,0.0759740735337624,51.4960562603816,8.75
E02000973,-0.190240477278929,51.5196207934942,12.32751677852349
E02000270,-0.271240248926074,51.5069969847414,7.265163934426228
E02000979,-0.120116631794478,51.5085306771505,8.61417910447761
E02000357,-0.0397252083619394,51.5616820853605,15.086111111111112
E02000278,-0.0483196334584661,51.6840764376698,6.461764705882353
E02000295,-0.111577141003649,51.6478981680672,0.8861344537815127
E02000223,-0.0134796720699653,51.3573584375048,4.3786036036036045
E02000927,-0.148480940247434,51.4705582239025,14.733908045977014
E02000406,-0.0951685245122387,51.598129648105,8.126612903225807
E02000382,-0.233524288757729,51.5000212697299,7.442857142857142
E02000246,-0.401388061621598,51.5425210240277,8.870731707317072
E02000950,-0.213751969458006,51.4452440662911,3.5540419161676646
E02007110,-0.0801676592517875,51.5320749897583,7.6126811594202906
E02000447,-0.364746036185481,51.6069918484266,1.5614754098360657
E02000798,-0.345106481231974,51.4446795038236,5.371348314606742
E02000179,-0.161633630377496,51.5486104050303,2.4084415584415586
E02000435,-0.323956137929848,51.6183562653603,1.1844827586206896
E02000068,0.170835180243941,51.4987035176957,4.390170556552962
E02000081,0.158868722646113,51.4640921840902,1.1872852233676978
E02000558,-0.11134119170096,51.5658878588227,10.019607843137255
E02000909,0.0121093251132339,51.5917876271581,12.008628318584071
E02000229,-0.00609713485217827,51.3446041355201,0.979015544041451
E02000757,0.0189634275046966,51.6038694981858,4.443656716417911
E02000400,-0.127419750588273,51.609338957311,5.878301886792453
E02000388,-0.192478983482938,51.4847563392052,13.157594936708863
E02000240,-0.356003628557201,51.5537307000104,4.629237288135593
E02000604,-0.247189455688197,51.4093631819345,7.920228215767634
E02000956,-0.176698002632378,51.4325336045466,10.09913294797688
E02000695,-0.157633512884851,51.4217584666226,5.386764705882353
E02000348,-0.0644498813555359,51.5744645570901,6.738271604938272
E02000033,-0.152999806859622,51.6342026799204,0.675
E02000544,-0.343869986757599,51.4690337005855,4.113190184049079
E02000703,-0.201485197223312,51.4138526084266,6.789823008849558
E02000967,-0.160378630165165,51.535993572202,8.674691358024692
E02000339,0.0530890661010611,51.4627001691212,2.65
E02000645,-0.0975282250874176,51.4404771965958,9.079074889867842
E02000651,-0.112972173540016,51.4230125658907,10.3
E02000289,-0.113589752843344,51.665404373315,5.456962025316456
E02006973,-0.29767551295847,51.4850607052779,9.30745382585752
E02000495,-0.420750235662544,51.6125868705547,1.2657407407407408
E02000131,-0.0690215422723593,51.4256712974559,4.00659509202454
E02000751,0.0218191841753691,51.6288327862467,4.788557213930348
E02000027,-0.206849365213938,51.65294530425,4.213609467455623
E02000598,-0.306501729814992,51.4301542080244,4.288855421686747
E02000860,-0.179278172618378,51.3599931005106,4.910714285714286
E02000342,0.0826969743193027,51.4511884449334,4.226829268292683
E02000286,-0.0988069989032884,51.6672920799212,2.912321937321937
E02000185,-0.195014977795959,51.5423562585991,6.988405797101449
E02000541,-0.400433958749061,51.4767103300841,3.9437499999999996
E02000712,-0.19185707705958,51.3973967366806,4.105590062111801
E02000013,0.109209662002026,51.5495782641524,3.165816326530612
E02000036,-0.265450213059347,51.6347133824229,3.3833333333333337
E02000391,-0.190132723597257,51.4826340812163,5.993525896414343
E02000564,-0.10855308346039,51.5578145638905,13.34090909090909
E02000489,0.198306183126301,51.5564118005092,4.237200956937799
E02006785,0.109467367407808,51.4749718839833,1.8381578947368422
E02000134,0.0295237634412738,51.4179005100539,4.5127478753541075
E02000843,-0.152939831283573,51.3853192494893,6.7961672473867605
E02000415,-0.0873916133383975,51.5940331366569,16.262135922330096
E02000110,-0.231035923269838,51.5557360012506,9.95
E02000161,0.0916607958493953,51.3698543209913,2.9391304347826086
E02000817,-0.0605573059312674,51.498118714097,15.351829268292686
E02000867,-0.0192353398075489,51.5385691962772,9.652707006369427
E02000918,0.0178092844335078,51.5723118467868,12.74955456570156
E02000615,-0.298162647928642,51.3778623065003,3.349074074074074
E02000089,0.087512920185003,51.4452556692646,2.736111111111111
E02000895,-0.007858336024294,51.6462907480868,1.075
E02000513,-0.411011045973882,51.5342277206486,5.570616113744076
E02000584,-0.185131558577621,51.5038208844349,7.976190476190476
E02000140,0.112744843975152,51.4129999172159,3.403787878787879
E02000660,-0.0205956291771947,51.4731832739116,12.398298429319372
E02000116,-0.233209789535221,51.5508174692861,7.129032258064516
E02000689,-0.190068206252072,51.4407752070992,9.320414201183432
E02000065,0.12959175122082,51.5130804667735,5.143164435946463
E02000636,-0.147278643129023,51.4613080802074,8.85947204968944
E02000823,-0.0968344842242775,51.4872117605643,15.338127413127413
E02000739,0.0221728275803022,51.5302253128101,11.927238805970148
E02000267,-0.334824173887949,51.5115200897537,4.9
E02000535,-0.381328470109006,51.4890088119967,3.516883116883117
E02000007,0.157937606152271,51.5640231300412,4.379260450160771
E02000982,-0.14142490472256,51.4947620806949,7.9759259259259245
E02000947,-0.201289276953453,51.4506345732858,4.075581395348838
E02000423,-0.0973782387850219,51.5870780498046,10.170068027210885
E02000044,-0.256067181173412,51.6195461294413,0.9249999999999999
E02000057,-0.210279691057395,51.5899530807943,3.8166666666666664
E02000933,-0.226173335108976,51.4638634347652,7.2896825396825395
E02000320,0.109837063776477,51.4907008234094,3.855742049469965
E02000667,-0.0324482646480455,51.4547534684932,16.692857142857143
E02000306,-0.0554209749224439,51.626092964657,9.09118705035971
E02000252,-0.256143247162014,51.5344425200014,5.388472706155633
E02000681,-0.020026055070622,51.4340711267852,7.7083743842364525
E02006941,-0.0866642676734797,51.506614859113,9.016189427312774
E02000733,0.0108918697210545,51.5395673228238,11.361170212765957
E02000101,-0.266727736518929,51.5709846049221,2.8094202898550726
E02000628,-0.10777706690973,51.4703615083565,10.171107266435985
E02000622,-0.113466991295813,51.4857876459833,8.647949886104783
E02000370,-0.0864634603702179,51.535344210706,6.70958549222798
E02000363,-0.0477176248164016,51.5515743154406,13.21917808219178
E02000881,-0.0078563305833858,51.5230439924658,5.790693430656934
E02000887,-0.0200640956575005,51.5139948590049,13.452919708029198
E02000519,-0.397667926080895,51.5234576476158,6.586034912718205
E02000469,0.209089457626698,51.6053051115159,1.4220443349753693
E02000475,0.200248216979316,51.5950029276151,3.9053030303030303
E02000050,-0.175802551353125,51.6084657674599,2.39033180778032
E02006791,-0.262354821949377,51.5050509810243,6.6863636363636365
E02000313,0.118134803878517,51.5078968319344,4.685209424083769
E02000673,-0.0538036060202354,51.4487122394761,4.51849710982659
E02000939,-0.157269313777853,51.4596374520906,6.175
E02000784,-0.235630824067439,51.4889668109863,7.434367245657567
E02000155,0.117940093649836,51.3871050587202,4.208744855967078
E02000208,-0.104078883987317,51.393318048335,4.662077294685991
E02000727,0.0370050762019283,51.5433932747653,16.82903225806452
E02000553,-0.405420758524745,51.4380112915032,9.280864197530864
E02007017,0.132870762974679,51.5808165853615,4.2200819672131145
E02000199,-0.0856512496230198,51.4074486425137,20.626980198019808
E02000904,0.0130951877706928,51.6042535926134,7.445603015075378
E02000928,-0.229318165658767,51.4721271984826,9.383071748878923
E02006968,-0.283960577305464,51.5264908571873,6.855555555555556
E02000224,-0.0997220338601606,51.3570046492934,2.809433962264151
E02000576,-0.0867955377402713,51.5257975228706,6.632575757575758
E02000504,-0.446948593562378,51.5701038879852,2.7477969348659004
E02000855,-0.228081683837302,51.3685671327598,2.8865763546798036
E02000150,-0.0328124439838811,51.4012070027293,4.565272373540856
E02000530,-0.407251721980866,51.4997066112876,7.192350332594235
E02000174,-0.135436158071492,51.5546985592485,10.756914893617022
E02000879,-0.0440217740646566,51.5201536130319,9.894277108433736
E02000377,-0.238012610074466,51.5063865437455,5.618023255813953
E02000383,-0.210246542802965,51.4977788572128,7.333050847457628
E02007111,-0.0771505160300415,51.5329041826965,7.680905511811024
E02000358,-0.0740802594018822,51.5597725450447,11.530844155844157
E02000352,-0.0838897814085985,51.5676679258592,17.043308550185873
E02000247,-0.356515425107898,51.537610196066,9.359626038781164
E02000951,-0.162153974362475,51.443148401757,7.057518796992482
E02000324,0.042558397820109,51.4871967955043,3.337162162162162
E02000430,-0.11807555551701,51.5811664132773,4.478662420382165
E02000974,-0.174132751468173,51.5199946907671,8.805582524271845
E02000271,-0.251259767384508,51.5066761246118,7.102941176470588
E02000407,-0.0692230514410258,51.5986232415939,15.342703349282298
E02000117,-0.247632172076404,51.551550185223,7.926459854014599
E02000547,-0.410960964708172,51.4686490698311,4.262037037037037
E02000193,-0.130564593951214,51.5246314297153,8.639655172413793
E02000910,-0.0157160396524298,51.5899110852526,15.487175792507205
E02000559,-0.0986977205225337,51.5609388939866,8.807471264367816
E02000281,-0.0602149366042433,51.6714150530475,4.841271820448878
E02000448,-0.381539462008277,51.6037712674957,4.522047244094488
E02000799,-0.330667635536419,51.4388943887665,4.927263374485596
E02000921,0.00628452720301332,51.5571075463538,13.316338582677167
E02000593,-0.190808346180628,51.4918254086682,9.771296296296295
E02000241,-0.353277982390121,51.5522657090522,7.214285714285714
E02000069,0.157610159685126,51.4887626065996,3.5700873362445416
E02000332,0.0799917012943825,51.4804181469902,6.355286343612335
E02000968,-0.165042089817014,51.5264639795457,11.353658536585364
E02000654,-0.0290933782450561,51.4886110293558,12.038019390581718
E02000745,0.0524578848232432,51.5196468747264,6.536893203883494
E02000401,-0.0954253478343292,51.6089894529166,7.490163934426228
E02000028,-0.171836878818493,51.6467290953605,0.9249999999999999
E02000815,-0.091791023929508,51.4994016566664,4.073550724637681
E02000022,0.0716064523720696,51.5362692053532,7.104833836858006
E02000290,-0.0230745846273443,51.6663580415503,5.226021314387212
E02000125,-0.23565194922191,51.539147304358,21.23015873015873
E02000698,-0.240220167337534,51.4201689262608,6.075
E02000704,-0.225762491062053,51.411341017855,7.902095808383233
E02000132,-0.0278072927448761,51.4246305575767,4.411111111111111
E02000599,-0.253451497750749,51.4365670058869,5.888655462184874
E02000861,-0.178148517487571,51.3599648017354,2.5430412371134024
E02000340,0.0794603316620453,51.4586774243052,5.213347921225383
E02000343,0.0613165902744563,51.4373046422025,3.1750000000000003
E02000394,-0.185155258542362,51.4784630722845,8.895810055865923
E02000496,-0.49460747628562,51.6310469884318,2.57027027027027
E02000752,0.137590601131463,51.6236021684291,1.3111963190184048
E02000180,-0.127453969918643,51.547925078348,7.976567656765677
E02000111,-0.300507953962126,51.5572895432172,2.4260638297872337
E02000637,-0.12051631094311,51.4575491335107,16.06754385964912
E02000818,-0.0854389245737298,51.494009557274,9.396428571428572
E02000287,-0.15349595553265,51.6814358883493,2.6855289421157686
E02006956,-0.269756903310556,51.5607565663091,5.119999999999999
E02000965,-0.19295748559755,51.5319645135402,11.809848484848484
E02000262,-0.265253634577662,51.51477481993,11.529878048780487
E02000793,-0.352918397535388,51.4574752416253,3.982051282051282
E02000060,-0.20063833675322,51.5862880537741,2.3241573033707863
E02000942,-0.203632088868059,51.4595511194423,7.9678571428571425
E02000514,-0.4190497310698,51.5297769191149,5.447530864197531
E02000162,0.0626001869051821,51.3674052003868,1.5929487179487178
E02000868,-0.0590774811252209,51.5340895788487,11.855128205128205
E02000438,-0.361288789167786,51.6136568444249,3.971143958868895
E02000490,0.197308442107023,51.5456787675103,2.7455938697318008
E02006786,0.105386255163547,51.4876122573295,4.11590909090909
E02000084,0.12318319432927,51.4639108816659,3.9584834834834832
E02000135,-0.0557156904598215,51.4190538381455,2.089520958083832
E02000567,-0.0893744675603585,51.551724443545,11.121987951807228
E02000464,0.23215107353166,51.6272176180191,2.194915254237288
E02000734,0.0127205045800395,51.5369453596584,4.8500000000000005
E02000844,-0.171378881698396,51.384166442477,3.142337164750958
E02000690,-0.221444579155241,51.438542532853,3.3909151193633953
E02000066,0.129876661108712,51.5040586000977,7.409210526315789
E02000768,0.0355249421935528,51.5855841917626,5.362642585551331
E02000039,-0.246250560149565,51.6245114860641,1.1749999999999998
E02000536,-0.373405374583265,51.4855297149293,5.654347826086957
E02000610,-0.295927216163614,51.3928900940497,7.509013605442177
E02000090,0.10573277725549,51.4385871000169,2.6150326797385617
E02000661,0.0153039921848358,51.4715639785286,5.992226148409894
E02000104,-0.288183478392716,51.5691207021065,6.240839694656488
E02000374,-0.239694575299934,51.5139301495464,6.232692307692307
E02000631,-0.0927583212732217,51.4699240397928,10.451923076923077
E02007108,-0.0719648606738042,51.5509377519067,6.991863905325443
E02000824,-0.0619174633408846,51.4864945895374,5.9512820512820515
E02000934,-0.16742245843531,51.4638577584723,8.99030612244898
E02000268,-0.296663357067238,51.5130052632471,3.917857142857143
E02000217,-0.107242052612955,51.3778585201633,10.561673346693386
E02000682,0.00287591431047986,51.4360155304973,6.867320261437909
E02000424,-0.113252807690423,51.5853138228583,6.10706106870229
E02000616,-0.287688636055919,51.3690734088594,3.459090909090909
E02006836,-0.206250758261176,51.3556861374727,3.2053418803418805
E02000008,0.13468486074231,51.5603297207973,2.878571428571428
E02000668,0.0121516784573873,51.4549853498055,6.3508982035928145
E02000045,-0.146613849065889,51.6122451895744,3.477255639097744
E02000470,0.26364094707392,51.6075421888705,1.9430124223602485
E02000202,-0.106291870900036,51.4021022663772,8.030405405405407
E02006942,-0.0787076095974335,51.5028480254619,9.845676691729322
E02000728,0.0675242818806817,51.5390368470867,17.625
E02000721,0.0254290911361484,51.5486803990634,11.472204968944098
E02000314,0.120688341578387,51.5091196083212,7.359812442817932
E02000838,-0.0585277420962246,51.4539450281483,8.450816993464052
E02000364,-0.0678576775575015,51.5511487214155,11.107489451476795
E02000882,-0.0364416067439422,51.521466549046,7.913073394495413
E02000888,-0.0495134757580699,51.5078838446024,7.629574132492113
E02000307,-0.0779461483068107,51.6246291869341,6.0560728744939265
E02000676,-0.0334961861924104,51.4419818115715,6.317990654205607
E02000156,-0.0150880834176601,51.3878755681476,3.184433962264151
E02000418,-0.126696980403857,51.5897467340125,6.156007751937984
E02000051,-0.194358100235665,51.6008112731412,2.955839416058394
E02006792,-0.280010046272469,51.5022126465353,5.5771235521235525
E02000623,-0.126038000249005,51.480601288793,11.341752577319587
E02000573,-0.102441161890665,51.5395471622969,8.861284289276808
E02000001,-0.0965046747803246,51.5229507414552,7.738007380073802
E02000025,-0.164016853829535,51.6556141827706,1.5140845070422535
E02000380,-0.225901694749645,51.4983510643609,2.9695378151260505
E02007114,-0.00716353911626791,51.5046959871024,2.2513761467889912
E02000724,0.0450281087633332,51.5460705222626,17.445454545454545
E02000048,-0.21749264438651,51.612243210751,2.417896174863388
E02000977,-0.113838256034232,51.5148284615221,8.905609418282548
E02000748,0.048240855239596,51.518041797111,5.943140794223828
E02000404,-0.0940168007551919,51.6031330731722,10.469291338582677
E02000250,-0.303410447392681,51.5302816834834,2.446428571428571
E02000602,-0.2814395411477,51.4108803968217,8.761666666666667
E02000072,0.198952046469799,51.4581036280159,2.475
E02000147,0.004682253949623,51.4028285665952,4.326079136690647
E02000954,-0.161311017321508,51.4353794901191,5.15
E02000777,0.0479702847219112,51.5695162940406,5.295622895622897
E02000427,-0.105955407318717,51.584225148143,15.140909090909092
E02000096,-0.298203000206846,51.5867815183678,1.4777777777777776
E02000579,-0.222308183106461,51.522690619003,5.64470802919708
E02000452,-0.338506007552442,51.5937089828812,5.7734848484848476
E02000802,-0.364738978798489,51.4327846685114,6.98714953271028
E02000227,-0.0182563999156442,51.3615891757494,2.273487544483986
E02000931,-0.157510230439283,51.4654767589437,8.939566929133857
E02000196,-0.11904306263905,51.4177799766984,6.807476635514019
E02000827,-0.0943316504749523,51.4805536747989,8.385899653979239
E02000901,0.00560470315971914,51.6156930884774,5.819444444444445
E02000556,-0.117422719611704,51.5712165858411,10.417268041237113
E02000533,-0.280549970257434,51.4846860010118,6.777123552123552
E02000171,-0.151581725309439,51.553972800965,6.185106382978723
E02000876,-0.0561818742541406,51.5271576377607,10.425
E02000301,-0.0186480140572403,51.6313471077467,7.966891891891892
E02000244,-0.323910089619378,51.5416429648805,6.662367491166078
E02000508,-0.476635340441594,51.5546731155026,2.89873417721519
E02000948,-0.145416485101733,51.4516677885138,8.154255319148936
E02000328,0.0206589010494779,51.4823798834228,7.263953488372094
E02000484,0.203395912396518,51.5692188932682,1.9512331838565025
E02000221,-0.120160397616495,51.3706338834403,2.157352941176471
E02000925,-0.169650063325196,51.4774753029069,6.477165354330708
E02000355,-0.0502802662884356,51.5605990943286,15.721804511278194
E02000031,-0.176435863075786,51.6406984344758,2.9117469879518074
E02000386,-0.198976764554572,51.4888371335624,4.48206106870229
E02000019,0.140442392159733,51.5389813850517,4.613730853391685
E02000643,-0.123085249233886,51.4437742862905,6.246428571428571
E02000812,-0.081704502624658,51.5025104489956,8.883184143222504
E02000293,-0.088870306759583,51.6509552355019,5.122049689440993
E02000971,-0.160221142859423,51.5250981511741,6.695804195804196
E02000742,0.0591782081573755,51.5254493768416,14.475
E02000755,0.0560224984293261,51.6102936569787,2.5391509433962267
E02000397,-0.123455267775456,51.6087069175612,10.500757575757575
E02000335,0.0588007429760721,51.4636339292244,3.389393939393939
E02000707,-0.130680108319055,51.4036308895598,3.636024844720497
E02000550,-0.424108560169867,51.4500326123501,5.8047872340425535
E02007020,0.0819115516080745,51.5598993502042,7.482352941176471
E02000913,0.00164277584044396,51.5810655795667,12.311934156378603
E02000907,0.00439937159609453,51.5919177209844,7.326877470355731
E02000284,-0.0921037690443074,51.6639715386909,3.796043165467626
E02000493,0.203570337552171,51.5211104523441,3.22091439688716
E02000183,-0.144723285355463,51.5450176949245,11.095081967213115
E02000177,-0.156826518600937,51.550037801879,10.266666666666666
E02006924,0.0662619810612086,51.5765478111373,9.178162291169453
E02000596,-0.175849655857193,51.4895415944616,5.868877551020408
E02000235,-0.0978909231939775,51.3394794347732,1.6415876777251184
E02000858,-0.121282039602227,51.3630247406427,4.614285714285715
E02000444,-0.302043364184057,51.6050740423057,8.097727272727273
E02000962,-0.177312430693118,51.5341258817381,8.228669724770644
E02000128,0.0808253196074269,51.4307855289634,1.0266990291262135
E02000701,-0.160049207251367,51.4152956244701,5.536103151862464
E02000467,0.217676523366638,51.6107439148485,2.3520100502512564
E02000441,-0.384049615092485,51.6154623716593,1.3298192771084338
E02000613,-0.298214005316958,51.3879475287843,5.648497854077253
E02000087,0.150372213546576,51.4516880050575,2.0932926829268297
E02006783,0.0212788940315065,51.4294780951835,7.081308411214953
E02000590,-0.173400628320773,51.4965075863377,8.310175879396985
E02000238,-0.33725958709881,51.5562830391921,4.80395256916996
E02000517,-0.438097934839306,51.5263414985933,2.793181818181818
E02000159,0.0478603278670001,51.3780606919076,1.0484567901234567
E02000865,-0.0452427316176521,51.5314751586898,6.090384615384615
E02000790,-0.321314281734421,51.4647579662079,8.04502617801047
E02000841,-0.178964310354383,51.3853094273256,5.00952380952381
E02000214,-0.0668586634294697,51.3832029908145,6.856896551724137
E02000114,-0.23042404374545,51.5505869414743,11.444957983193278
E02000634,-0.135597180602701,51.4648345038517,5.238059701492537
E02000640,-0.140253036654759,51.4540309189372,8.288505747126436
E02000821,-0.0834922515800887,51.490545755651,9.231474820143884
E02006853,-0.0188575991081743,51.5004352349391,6.336046511627908
E02000539,-0.320183799499042,51.4820073262306,3.280015197568389
E02000710,-0.181008817074211,51.4026300157003,7.349280230326297
E02000487,0.265972438352296,51.5572033154897,2.8
E02000011,0.166009495273376,51.5525021901111,1.1825581395348836
E02000665,0.000662464261208534,51.4585536531274,9.589308176100628
E02000138,-0.0207614656291274,51.4159774038767,4.382692307692308
E02000658,-0.0446202053206223,51.4742720999716,9.136082474226805
E02000063,-0.211006572027763,51.57225418666,2.215
E02000511,-0.4180786289388,51.5404658141571,1.4480099502487562
E02000686,-0.0217692061988629,51.4308478179492,4.041783216783217
E02000764,0.0150898927470874,51.5941250911779,3.231289308176101
E02000796,-0.372763759956198,51.4570655792762,8.011486486486488
E02000847,-0.226615968074295,51.3834914515392,4.2818627450980395
E02007009,-0.0132356893014974,51.4613785953583,9.324725274725276
E02000461,-0.325935350742657,51.5770389959872,2.681804733727811
E02000473,0.219381627959061,51.5892445022973,1.6945652173913044
E02000206,-0.0818009032816653,51.3966821325589,6.021341463414634
E02000718,0.0667411240814684,51.5542225469555,13.378389830508475
E02000731,0.0552160841072605,51.5354162788255,10.63888888888889
E02000042,-0.172145305437075,51.6175922774292,1.2389344262295081
E02000093,-0.264738058199638,51.5981844171831,4.539928057553957
E02000582,-0.193643303160343,51.5116952843919,7.32962962962963
E02006789,0.0202576957654045,51.3526461641909,0.621415270018622
E02000620,-0.121799778293562,51.4924286007448,11.788973384030419
E02000570,-0.106720980582551,51.542930056357,10.975
E02000945,-0.23684094228476,51.4527521668349,5.674178403755868
E02000679,-0.0482293120354618,51.4409871758696,5.249242424242424
E02000773,0.0740758105798268,51.5751846756004,0.575
E02006953,-0.23731016447757,51.5996867260234,0.4684563758389262
E02000265,-0.319603504848697,51.5114790891949,7.5809523809523816
E02000361,-0.048662491646737,51.5519210033705,10.740217391304348
E02000304,-0.121837975622922,51.6318080251713,4.4699760765550245
E02000107,-0.212798692717077,51.5545986638928,10.594298245614036
E02000525,-0.417851115679408,51.4990985331006,1.9880281690140844
E02000004,0.185108228478452,51.5648012874708,3.9650000000000003
E02000153,0.0253313169386233,51.3890466283182,3.0163145539906107
E02000782,0.0655048538365814,51.5569940656953,5.756094527363183
E02000421,-0.0633043505724289,51.5886108982068,9.331386861313868
E02000259,-0.345014560512022,51.5273499694498,7.858333333333333
E02000835,-0.0482466475094565,51.4658877555057,10.38611111111111
E02000885,-0.0457238390813858,51.513164730406,5.811946902654867
E02006997,-0.013097739338184,51.542024313085,10.877272727272729
E02000311,-0.100492660094677,51.6164644611739,5.035869565217391
E02000123,-0.248570212596321,51.5417634229054,12.982142857142858
E02000479,0.199657740941474,51.5755782128275,2.3402014652014653
E02000830,-0.0883123162925093,51.4742568810496,9.889285714285714
E02000749,0.0268293384197946,51.5172617401191,5.881497797356828
E02000099,-0.295111648937022,51.5721428073929,4.4037037037037035
E02000455,-0.322973114082576,51.5862950549327,5.930882352941176
E02000805,-0.318319000997151,51.4295436778318,6.84090909090909
E02000526,-0.251410236098791,51.4998531308599,9.653424657534245
E02000172,-0.148515410737306,51.5535731926557,9.66172316384181
E02000877,-0.0278653905805294,51.5243888689557,13.402777777777779
E02006992,0.00325826259684049,51.5049389523925,8.31725888324873
E02000502,-0.438321207467227,51.5731488003339,1.00492700729927
E02000853,-0.199523656209808,51.3715265306327,4.511842105263158
E02006799,0.136392517556199,51.5631544275208,6.699025974025973
E02000148,0.0719479177050389,51.3976911271735,4.142488262910798
E02000926,-0.17160096193839,51.4769414944455,10.157926829268293
E02000222,-0.0801761354306708,51.3639685741181,3.452830188679245
E02000302,-0.0848368879244684,51.6321714910788,7.081506849315069
E02000296,-0.1269780787167,51.6493311886854,3.624242424242424
E02000197,-0.118892137769186,51.4150062437334,5.788709677419355
E02000329,0.0871264298723059,51.4797602685776,2.395751633986928
E02000321,0.0805906272143551,51.4918916861075,3.264150943396227
E02000902,-0.0145533592235568,51.6122924009851,8.751612903225807
E02000534,-0.348257405219788,51.4983474950216,5.9814176245210735
E02000356,-0.0802961639404148,51.5592072529115,10.708333333333334
E02000381,-0.2151975000249,51.50068912328,17.136813186813185
E02000245,-0.39289617359427,51.5476665506566,3.7456896551724137
E02000509,-0.480425127658999,51.5471997473954,2.582884097035041
E02000949,-0.17553813144226,51.4458374647446,6.767567567567568
E02007109,-0.0691085562661286,51.5450939561213,11.44920634920635
E02000485,0.245815914107407,51.567072907908,3.168867924528302
E02000130,-0.0342355972478888,51.4250978434535,8.387203791469194
E02000743,0.0241620987442825,51.5252844737594,9.467087542087542
E02000398,-0.0529924033995588,51.6084913091237,12.939912280701755
E02000067,0.155535672019386,51.5059106713523,5.665176908752327
E02000230,-0.107413422222301,51.3486306577328,4.9557692307692305
E02000813,-0.0509993159818383,51.5025543871261,12.63946587537092
E02000436,-0.341467451790042,51.6258152253832,1.393827160493827
E02000605,-0.259880305217265,51.4128287243222,11.201253918495299
E02000082,0.0899365425465141,51.4699628739886,5.3
E02000957,-0.165109806292929,51.4291742542924,7.051655629139073
E02000696,-0.160279780617765,51.4203524297756,5.832692307692307
E02000350,-0.0642832000104488,51.5689378946744,11.625
E02000020,0.100976149905226,51.5375004835892,9.493430884184308
E02006927,0.029692626337451,51.4664854362322,5.639150943396227
E02000758,0.0696322453355953,51.5974147065564,5.732758620689657
E02000279,-0.0241538613475425,51.6816609833013,9.89389312977099
E02000389,-0.222794935479911,51.4886959367215,10.438732394366196
E02000646,-0.125748809789962,51.4374521163625,9.580491329479768
E02000652,-0.1356340410051,51.4180605136356,10.970588235294118
E02000545,-0.320907288566913,51.4659823178702,6.338757115749525
E02000551,-0.377895941119862,51.4424200955771,5.335616438356165
E02000337,0.0324592957794003,51.4651454523311,5.858249370277078
E02000908,-0.0439495575242444,51.5957253500468,16.222646310432573
E02000178,-0.201942478087541,51.5513695754813,10.841666666666665
E02000963,-0.209479893065121,51.5321428731925,5.781140350877193
E02000445,-0.326567810960357,51.6033696558944,8.173239436619719
E02000075,0.144207749770129,51.476010030178,1.4767241379310345
E02000702,-0.146782453176085,51.4125389359895,3.915503875968992
E02006918,-0.0504209713928702,51.5672152466161,11.632142857142856
E02000597,-0.183162720959131,51.4838607558211,4.889102564102563
E02000859,-0.157214160310392,51.3605138806909,2.512709497206704
E02000285,-0.073687635222738,51.6658219007339,10.54368932038835
E02000026,-0.158722823391898,51.6563577897858,0.5249999999999999
E02000037,-0.271851658168873,51.6388421279866,2.64578313253012
E02000392,-0.204196867227412,51.4720065604993,5.81455223880597
E02000842,-0.205098545794583,51.386133649506,2.9580855018587364
E02006784,-0.000907726446859562,51.4286223938012,10.14
E02000565,-0.0911789842940042,51.5544436493715,8.218478260869567
E02000940,-0.192672872000302,51.4557295925855,5.928225806451613
E02000468,0.156511474414806,51.6232741630121,1.3888888888888888
E02000416,-0.114679491593464,51.5909872750594,7.022101449275363
E02000791,-0.300968909445271,51.4642470328949,4.645754716981132
E02000614,-0.266607982015578,51.3839162885019,5.431349206349207
E02000591,-0.202380470494781,51.4956626324609,13.076342281879196
E02000239,-0.335943534094576,51.5566069200073,5.88611111111111
E02000108,-0.322970562701486,51.5630369496468,3.2276595744680847
E02000542,-0.38284635654607,51.4755578879978,4.311340206185568
E02000186,-0.143275412647225,51.5421992335445,9.468396226415095
E02000816,-0.0653766793389342,51.4945478315587,7.129607250755287
E02006954,-0.252874870476422,51.5976907473532,1.044701986754967
E02000488,0.223797001174872,51.556589632602,2.919240837696335
E02000215,-0.0869309561751216,51.3846342289856,11.520918367346939
E02000659,-0.00441088792469647,51.4722198738025,4.912642585551331
E02000740,-0.00767857343110697,51.523591304735,11.260344827586207
E02000919,0.00350941632500343,51.5653473960135,14.266666666666667
E02000512,-0.4315633470801,51.5392436225845,2.5303763440860214
E02000896,0.00858843748750988,51.641458374548,2.3840909090909093
E02000797,-0.321760309968809,51.4458280301523,5.658139534883722
E02000608,-0.311553487140185,51.3963939505781,10.934701492537313
E02000088,0.12048115909163,51.4455339757111,1.5416666666666667
E02000064,-0.201801581648206,51.5658361985356,2.3157407407407407
E02000585,-0.201560668666996,51.5036419252675,9.586594202898551
E02000713,-0.217650985953476,51.3932348728747,3.4461538461538463
E02000014,0.143148791635215,51.5466177204224,4.464830508474576
E02000141,-0.0524264908123401,51.4111775681565,3.841747572815534
E02000635,-0.102143261492501,51.4660152243503,9.26388888888889
E02000822,-0.0896945032621966,51.4909501759127,14.620754716981134
E02000765,0.0762324498067927,51.5849774890971,4.6
E02000043,-0.193831747383403,51.6253052793454,3.8235507246376814
E02000836,-0.0742057574271194,51.4599233753372,8.229411764705883
E02000571,-0.0899966079318895,51.542569998862,13.6
E02000305,-0.101754816611101,51.6276526471635,8.750757575757575
E02000462,-0.355748938455453,51.5649241552242,4.438513513513514
E02000946,-0.174837314467759,51.4539525263645,5.173640167364017
E02000983,-0.149214679651683,51.4858674505839,4.416030534351145
E02000422,-0.0850956020685818,51.5859065823775,13.64840425531915
E02000410,-0.145654598953201,51.5983900911397,2.634158415841584
E02000266,-0.35101231698552,51.5214646381864,5.742213114754099
E02000253,-0.329623647836522,51.5310035386809,9.613636363636363
E02000005,0.151874358079303,51.5677824206663,4.798602484472049
E02000058,-0.186790674104365,51.5896748413178,3.8322429906542057
E02000680,-0.0637534599233452,51.4409019949685,3.7879834254143643
E02000629,-0.138281327652534,51.4699999486545,10.95875486381323
E02000719,0.0136102528690642,51.5546103762736,21.03155339805825
E02000774,0.100313746312243,51.5726974389342,0.975
E02000476,0.190108784495174,51.5872782279893,9.082894736842105
E02000209,-0.126288687976041,51.3934427424665,4.095754716981132
E02000372,-0.23306027178015,51.5318903630527,7.3727665706051875
E02000785,-0.297418798873058,51.4845677347594,7.85
E02000260,-0.366550643162269,51.5188034475952,4.935526315789473
E02000520,-0.421401300986879,51.5227275354296,5.812299035369775
E02006998,0.063679319694787,51.5069141596867,5.096428571428572
E02000102,-0.244044885479678,51.5722588701008,2.871212121212121
E02000154,0.0910749697423154,51.3884974941648,3.3781914893617024
E02000674,0.00440683194647818,51.4450233861485,12.875
E02000725,0.00108152828690426,51.5500341918976,14.425293132328308
E02000577,-0.227632583865521,51.5300122243097,6.7418367346938775
E02000929,-0.172060590697846,51.4696417912592,6.23912213740458
E02000649,-0.120324802056626,51.4322703373681,9.811426116838488
E02000299,-0.0506962410863233,51.6372566546923,5.439644351464436
E02000276,-0.306507152066459,51.5004616195563,5.211879432624114
E02006795,-0.380186916634204,51.5757508187342,3.226282051282051
E02007018,0.122555500304351,51.5761156068623,0.7755395683453239
E02000626,-0.10057727744556,51.4741577740573,12.182377049180328
E02000175,-0.18541270763608,51.5519355294273,4.12628205128205
E02000531,-0.314536857223078,51.4943349529265,7.719910846953937
E02000880,-0.0527124164340048,51.5198318993632,8.806084656084657
E02000200,-0.0769162421346132,51.4107545751682,6.580882352941176
E02000905,-0.0195925358194388,51.599970371006,15.090789473684211
E02000554,-0.119241090557182,51.5750802167883,8.174242424242424
E02000120,-0.19301736070961,51.5376405947691,7.832971014492753
E02000402,-0.086295651985047,51.6084465167083,8.566350710900473
E02000378,-0.216461317572907,51.5037407906773,16.0281007751938
E02000506,-0.469735953336499,51.5753591077386,2.770888468809074
E02000145,0.131208280232398,51.414606631843,1.13931718061674
E02000850,-0.132971063230237,51.3903112753317,6.20945945945946
E02000433,-0.305388434712243,51.6333923851482,0.8631280388978931
E02000169,-0.187542980534639,51.5623710732724,3.7016187050359712
E02000874,-0.0507919301968432,51.5272608126106,7.405645161290322
E02000353,-0.0763344854422406,51.5670434744457,10.87874149659864
E02000459,-0.349982694585073,51.5754066396236,1.883411214953271
E02000194,-0.0896781048774126,51.4210272684474,8.048148148148147
E02000326,0.0321210102581493,51.4857569848336,15.125793650793652
E02000899,-0.0218453462682421,51.6243353392817,1.7937203791469194
E02000655,-0.0497807538753395,51.4878697280953,11.994827586206895
E02000922,0.0144986607288071,51.5603401869285,13.008695652173913
E02000242,-0.30866172925246,51.5431901551298,3.5065789473684212
E02000594,-0.16504242852804,51.4834547904258,4.951315789473684
E02000282,-0.0506317645029573,51.671540228026,7.065641711229947
E02000969,-0.193209032616615,51.5240074862371,10.638285024154591
E02000693,-0.181936235094874,51.4245922756482,9.266600397614315
E02000705,-0.127969182732746,51.4119879677117,4.001717557251908
E02000346,-0.0816556527912019,51.5748313972744,4.011941580756014
E02000333,0.0163666537863382,51.4791109495446,7.55
E02000126,-0.193567850782285,51.5372806716228,5.485544217687075
E02000395,-0.216014887050543,51.4761216371988,5.180982905982906
E02000133,0.0463251848378684,51.4232566880309,2.8109030837004405
E02000746,0.0820544833864845,51.526901241199,8.038179218303146
E02000499,-0.394178944715356,51.5902567586704,5.0898648648648654
E02000863,-0.136756010962037,51.3530390319825,2.9474576271186446
E02000023,0.127048821905018,51.5342602211347,9.59110878661088
E02000856,-0.15617082658168,51.3650781487984,3.597770700636943
E02000442,-0.288436480837359,51.6027430795135,3.462671232876712
E02000960,-0.174128766762462,51.5382791954485,6.236497326203209
E02000699,-0.210828906915514,51.4159585129886,13.265845070422536
E02000079,0.148164260604645,51.4641977156317,3.3495029821073556
E02006971,-0.389220590753988,51.5038525391317,4.30952380952381
E02000548,-0.43504567359796,51.4567066955738,4.018460111317254
E02000233,-0.111592378347653,51.3337803885573,1.0133093525179855
E02000808,-0.0999505482177142,51.508587598151,9.038625866050808
E02000491,0.174369963431655,51.5372850756148,5.302278177458033
E02000212,-0.109970481417254,51.3854822227612,5.537030075187969
E02000662,-0.0381179772356692,51.4701880681754,9.187913907284768
E02000737,0.0583142705163984,51.5353711246172,8.1265503875969
E02000916,-0.0319052673928064,51.5737819947204,20.904629629629632
E02000112,-0.288998353244734,51.5575328805985,3.442206477732794
E02000061,-0.191114573247401,51.5762345950767,3.3797169811320753
E02000236,-0.144080427537933,51.3228167468978,2.61496138996139
E02000638,-0.125548554182209,51.455836772017,12.647139303482588
E02000588,-0.157237438284883,51.4985823780786,10.826027397260274
E02000819,-0.0764941455528322,51.4941249540718,10.517421602787456
E02000762,0.079185622285596,51.5859356226744,0.7962962962962963
E02000288,-0.0519562314253972,51.6595431073618,5.760695187165776
E02000439,-0.27859899496394,51.6100462801638,2.583333333333333
E02000966,-0.18627625834079,51.53067500672,7.304545454545455
E02000263,-0.380161151446942,51.5120834243614,17.72178899082569
E02000085,0.107858171185854,51.4561274419183,2.663636363636363
E02000465,0.25459159013797,51.616207620622,6.130474452554745
E02000943,-0.14785663916736,51.4539617534614,5.601760563380282
E02000893,-0.0085380887628187,51.4982096953249,3.5888755980861244
E02000034,-0.160294476480119,51.6315851552874,1.075
E02000040,-0.233057230398292,51.6304670639173,2.468987341772152
E02000562,-0.0916775248666355,51.5602241261474,14.644594594594595
E02000683,0.0289062569791537,51.435719504715,2.4871257485029936
E02000191,-0.128265016579711,51.5250391418218,9.320778267254038
E02006931,-0.00414356584356574,51.4841136329552,7.041596194503171
E02000017,0.0854498814265367,51.5464514424118,8.625
E02000716,0.0563845875350142,51.5585748764734,8.65470297029703
E02000166,-0.166189863600203,51.5727916768501,8.259734513274338
E02000794,-0.339063090102788,51.4560564743821,4.649604221635884
E02000611,-0.27265758404071,51.3928279381518,9.448076923076924
E02000091,0.13178324334984,51.4355877769373,4.543734015345269
E02007083,-0.127030186218605,51.4834873538373,6.049093264248705
E02000871,-0.00803860372177258,51.5267076810495,5.524657534246575
E02000218,-0.0261983709887608,51.3774417716716,11.286516853932584
E02000105,-0.306863412926372,51.5667190979332,2.9634146341463414
E02000055,-0.217656840193811,51.595642129224,2.731707317073171
E02000632,-0.117164096916586,51.4640566889812,19.012804878048783
E02006802,-0.104513217909049,51.504608890032,12.37269372693727
E02000770,0.105590758150111,51.5727874643741,3.605097087378641
E02000788,-0.260940377063101,51.467633377025,8.608771929824561
E02000617,-0.314277350830453,51.3690933690906,1.8071428571428574
E02000359,-0.0434251873108666,51.5570969591807,14.173130841121496
E02000375,-0.224576891152919,51.5106602849706,10.96064425770308
E02000980,-0.127383039415701,51.4948600597399,6.995228215767634
E02000318,0.101900684042167,51.4893926144401,2.612578616352202
E02000425,-0.0634899009738537,51.5772995269845,9.925
E02000413,-0.151430504407783,51.5975133164316,4.268681318681319
E02000046,-0.190670903085613,51.6084656690966,3.625
E02006787,-0.0314263595310446,51.4064867196958,3.351376146788991
E02000839,-0.0742999830063568,51.4412646827607,8.998062730627307
E02000574,-0.111273882916167,51.5351934094628,9.906695464362851
E02000568,-0.115530581345032,51.5497760686101,9.922101449275363
E02000833,-0.0879443513317992,51.4682212118108,8.68714953271028
E02000308,-0.134225042169176,51.6240525583294,3.597151898734177
E02000677,-0.0175646015076692,51.4432716133739,4.412658227848102
E02000671,-0.0409704288882147,51.4503667243407,9.141666666666666
E02000151,0.0852013440294946,51.3947502018814,0.886904761904762
E02000722,0.0129535785174975,51.5468511849958,12.824561403508772
E02000256,-0.306974826190606,51.5218766786914,5.296428571428571
E02000523,-0.419328385702906,51.5049877576401,6.738414634146343
E02000002,0.148097783886609,51.5965574562527,3.7768551236749124
E02000883,-0.0159236179326948,51.5164658027874,6.885189573459716
E02006995,-0.00923430903566343,51.5517813280497,10.87015539305302
E02000937,-0.168305748319449,51.4612449589707,8.298453608247423
E02000368,-0.0615401142560573,51.5410402821745,12.163532110091744
E02000419,-0.0983702953923468,51.587179034167,13.115000000000002
E02000049,-0.243319450988684,51.6069392287511,0.7386792452830189
E02006796,-0.382355909419534,51.5644814093305,3.3484018264840185
E02000675,0.0270149285255207,51.4415793801543,5.178012048192771
E02000327,0.0634428051420531,51.4870583197888,5.015508021390374
E02000405,-0.133992041878345,51.604415850659,9.683333333333334
E02000073,0.133856218337585,51.4788607586541,1.2583333333333333
E02000650,-0.0894425002651262,51.4323545121516,4.782919254658385
E02000779,0.0660984830785323,51.566651275014,6.610377358490568
E02000300,-0.06429458049015,51.6389767989058,3.343835616438356
E02000428,-0.0752274769012304,51.5776022412192,10.708783783783783
E02000097,-0.258249105648542,51.5840030225032,1.460185185185185
E02000978,-0.156257410694155,51.5099918877048,10.68859749144812
E02000453,-0.361912270765672,51.5906213901797,3.818243243243244
E02000803,-0.369556504626323,51.4336012859998,6.6520325203252035
E02000627,-0.116943105132142,51.4726228355441,8.25
E02000277,-0.0416241439435984,51.6830702168987,3.5217811158798287
E02000121,-0.304519898309519,51.5433256096616,4.651923076923077
E02000251,-0.354637853876091,51.5300093838912,2.249438202247191
E02000603,-0.272895473960594,51.4133292046356,4.079918032786885
E02000477,0.203238517905089,51.5823381222048,0.397108843537415
E02000955,-0.167507466734673,51.4355400453638,12.091666666666665
E02007115,-0.115053325102463,51.5247399954538,7.466025641025642
E02000828,-0.0606352584262957,51.474238211467,8.567857142857143
E02000580,-0.209621186480454,51.5207335848895,13.370774647887325
E02000507,-0.411343243017739,51.5473554494732,3.1683526011560694
E02000851,-0.192180238361781,51.3742220427687,9.215942028985507
E02000146,0.045814693956235,51.399184704299,2.968840579710145
E02000170,-0.196600866261262,51.558904822343,10.06993670886076
E02000875,-0.0203051423636726,51.5269243215539,7.368103448275862
E02000557,-0.133429225929708,51.5641684319944,6.234803921568627
E02000269,-0.307617045915043,51.5114188479846,6.2387096774193544
E02000460,-0.359035522419019,51.5693806396936,3.7149328859060406
E02000195,-0.110255549119034,51.4231069111752,12.341225165562916
E02000972,-0.143490127977765,51.5240066488762,7.017168674698796
E02000900,-0.0244623698668555,51.6215158165094,3.9818584070796463
E02000483,0.226703120277974,51.5657722819954,0.5928044280442805
E02000923,-0.149620399195422,51.4835686703534,12.385401459854016
E02000354,-0.0576888525969076,51.5625383061293,12.625
E02000756,0.0940763709490911,51.6055217548138,2.1903225806451614
E02000434,-0.294479581708706,51.6201132324341,4.841085271317829
E02000080,0.11698687306431,51.4631441639733,1.9099999999999997
E02000644,-0.112910329460951,51.4411185249087,13.510632183908047
E02000657,-0.022647084764224,51.4739851164724,7.828113879003558
E02000294,-0.0529750698989576,51.6441826119382,4.719198312236287
E02000708,-0.242074496998441,51.4038397775396,4.065816326530612
E02000018,0.113848754165037,51.5467748752583,3.015201465201465
E02006925,0.0458461936499354,51.5914511667451,3.294240837696335
E02000387,-0.21246463780144,51.4883093746323,3.4352150537634407
E02000694,-0.188315974844974,51.424544530321,7.61072796934866
E02000347,-0.0775753446055063,51.5751855201874,14.797549019607843
E02000032,-0.139946170827982,51.6373818530836,2.011111111111111
E02006972,-0.286967222839894,51.5007113714287,7.10216049382716
E02000500,-0.423293431235895,51.5884069978392,2.480769230769231
E02000494,-0.436657277761128,51.619461110657,0.8212296983758701
E02000857,-0.196900646541004,51.3637059241233,5.018181818181817
E02000228,-0.0758827566996062,51.3514950764877,2.3455128205128206
E02000234,-0.120703201731164,51.3334694193366,2.4938005390835576
E02000396,-0.191991011129559,51.4739259194239,5.357978723404256
E02000914,-0.0111203833917734,51.5800212928,13.748275862068969
E02000549,-0.40096402775894,51.4576756450699,3.3815552699228792
E02000810,-0.0648752245863462,51.5007818050671,11.18296089385475
E02007019,0.0937875014291644,51.5598229161471,6.49078947368421
E02000283,-0.027420134713443,51.6652930230718,5.535135135135135
E02000961,-0.175997235427204,51.538369731908,6.94217791411043
E02000700,-0.186786485480384,51.4157195653517,5.749140401146132
E02000127,0.0429680907261111,51.4380734078222,2
E02000062,-0.231845478040198,51.5787223647636,5.513083538083539
E02000589,-0.189028481082182,51.4963315217534,9.546610169491526
E02000763,0.126734505518208,51.5859952586931,2.0888888888888886
E02000237,-0.115383430457573,51.3149010890589,0.9081632653061223
E02000312,-0.116273302694463,51.6205026349102,9.513963210702341
E02000440,-0.304875502530966,51.6127196590404,4.204694835680751
E02000612,-0.246673473385397,51.3969267108429,4.475
E02000086,0.0978740579729786,51.4518935338273,0.8683476394849786
E02000540,-0.345401362961241,51.4778277179575,6.058778625954199
E02000184,-0.14150976275755,51.5449960632641,10.22408256880734
E02000894,-0.0148671876132059,51.4929006365437,6.098809523809523
E02000160,0.0322148402770038,51.3836349494098,3.106451612903226
E02000213,-0.0994662179623326,51.3871349739793,6.870422535211269
E02000866,-0.0392836911627248,51.5380375918063,12.924065420560748
E02000917,-0.00652126878358556,51.5692797507959,7.423484848484847
E02000944,-0.209682521641559,51.4524504928576,5.654135338345864
E02000666,-0.0252448690448229,51.4623099057609,10.792857142857141
E02000139,-0.0352328961612953,51.4165202690014,13.865996168582377
E02000035,-0.183866461416045,51.6293077450225,0.41164021164021164
E02000041,-0.273393120874923,51.6192356514329,1.1343625498007968
E02006782,0.0291883950204584,51.4267230250481,3.318396226415094
E02000563,-0.121189301605718,51.5589842509015,8.588709677419354
E02000711,-0.183879730360427,51.4040851803299,12.02924528301887
E02000633,-0.114863540969508,51.4631608168707,11.569560669456067
E02000192,-0.109335771703662,51.5229208944866,6.617364532019704
E02000012,0.107723886885305,51.5486319241231,4.611363636363636
E02000167,-0.172481179747684,51.5693889547113,8.164285714285715
E02000115,-0.218488799032036,51.5526831491819,6.551829268292683
E02000687,-0.0401565953941311,51.4284800587264,2.454040404040404
E02007084,-0.140707707310557,51.4798898269619,7.082352941176471
E02000872,-0.0653755934572834,51.5283598925847,5.888963963963964
E02006854,-0.021152537610478,51.5084241085017,8.808695652173913
E02000738,0.0408959129442091,51.5312326568181,7.281506849315068
E02000056,-0.179491439093098,51.5920474220004,3.6683734939759036
E02000583,-0.20488023034603,51.516510853783,15.403008298755186
E02000319,0.084136376188559,51.498051740285,8.139895470383276
E02000474,0.158102015952565,51.5975114416556,2.3518018018018023
E02000094,-0.257534282882008,51.5921422808542,0.2
E02000106,-0.250012276467977,51.5646004859669,3.9740143369175636
E02000376,-0.232688450552235,51.5067699297425,11.224390243902437
E02000981,-0.141320908713933,51.4945585999638,15.378571428571432
E02000362,-0.0185686050825459,51.5518527307022,13.394971870604781
E02000717,0.050867458655188,51.5535736005536,6.0238826815642454
E02000789,-0.277706414553772,51.4616774473895,3.7872641509433964
E02000732,0.0462893288094195,51.5354619813155,6.833333333333334
E02000303,-0.0693598666814857,51.6301200141738,3.4962546816479403
E02000932,-0.214416798008662,51.4662778742166,8.502889245585875
E02000938,-0.235650413591215,51.4619579395892,9.243980169971671
E02000678,0.0144594398930197,51.4365619802819,6.469291338582678
E02000672,-0.0200456390996759,51.4526182021465,10.685051546391753
E02000420,-0.0743568245184555,51.5891189353301,6.71631455399061
E02000414,-0.0787968381403594,51.5938694878464,22.222033898305085
E02000524,-0.483026756231851,51.5064362748874,2.443524970963995
E02000518,-0.446685333850802,51.5221002601482,1.9416666666666664
E02000569,-0.0945865426803207,51.5472141263647,10.595630372492836
E02000100,-0.306328114146204,51.5670478117073,4.437790697674419
E02000621,-0.125287191453596,51.4868485834202,11.14864864864865
E02000369,-0.0809821706413557,51.5396334545582,8.987096774193548
E02000886,-0.0330820311668641,51.5160327501091,9.755529595015576
E02000258,-0.270918816239498,51.5238896126366,6.080319148936169
E02000207,-0.0734540520524391,51.3963471942977,5.1
E02000834,-0.0733276726818571,51.4653990442701,12.016839378238343
E02000783,0.0802884661759065,51.5507238193813,2.949484536082474
E02006996,0.00527375829806,51.5518580911126,11.586538461538463
E02006969,-0.305229149718591,51.5169421564336,6.214634146341464
E02000503,-0.412721457292778,51.5716883385951,2.0344017094017097
E02000854,-0.160387547146416,51.3695296434757,3.2423228346456696
E02000149,0.101962563142953,51.3985656381659,2.829107981220658
E02000225,-0.0125195971834723,51.3570857930078,1.5884615384615386
E02000124,-0.202391283918665,51.5376549029184,11.720887445887447
E02000248,-0.278002230519334,51.5347881789552,6.10757946210269
E02000600,-0.276060116990109,51.4218265814937,6.504787234042554
E02000480,0.159251314574489,51.5795104931574,4.8705922865013775
E02000952,-0.152753977358218,51.4416513641269,5.568965517241379
E02000831,-0.0730473320762842,51.4733603424263,15.873484848484848
E02006993,0.0106610140851938,51.4996049552359,10.495127610208815
E02000903,-0.034177412483107,51.6082935582333,15.454108635097496
E02000173,-0.170690772984865,51.5546171401981,3.973809523809524
E02000529,-0.376759197318594,51.4952936047755,5.31289592760181
E02000878,-0.0764500767957234,51.5220292650639,11.907743362831859
E02006800,0.120556672791774,51.5633558816955,2.488875598086125
E02000331,0.0470410450661246,51.4753691110804,7.500103734439834
E02000323,0.0675019460842909,51.4894495755201,6.75
E02000408,-0.0624060098326966,51.6007344218967,7.148837209302325
E02000384,-0.227491159144065,51.4981207533861,9.021144278606965
E02007112,0.00334543507425973,51.5139478233875,8.208823529411765
E02000351,-0.0980796911568017,51.5691070043267,6.892857142857142
E02000975,-0.177725564293539,51.5183453162838,6.336377245508982
E02000272,-0.319844256426329,51.5022877104589,5.39030612244898
E02000456,-0.341916883017694,51.5796642919246,3.349606299212599
E02000297,-0.0792620565269252,51.6426916655753,7.723617511520738
E02000431,-0.146992975642973,51.5775834174954,4.553191489361702
E02000497,-0.410910159130676,51.5990643218184,2.751834862385322
E02000848,-0.219407319058936,51.3759382943658,1.9134615384615385
E02000231,-0.128243239855834,51.3473699166881,2.993881118881119
E02000118,-0.294349608617006,51.5518816202346,9.300273224043714
E02000606,-0.299160100983374,51.4126539596877,11.572043010752687
E02000958,-0.141938245729076,51.4294363522019,4.567521367521367
E02000449,-0.29379834305991,51.594677896911,11.863636363636365
E02000800,-0.30964422530743,51.445768199645,6.173148148148147
E02000021,0.15302821671381,51.537132887824,6.948868778280545
E02000814,-0.033059937608431,51.5046179423477,9.58186274509804
E02006928,-0.00961056767315136,51.4836650056161,10.213957055214724
E02000280,-0.0968168829800365,51.6905370385063,4.0859427609427605
E02000437,-0.334319784152138,51.6147191903099,1.1558510638297874
E02000070,0.122121781751117,51.4903110853201,2.232051282051282
E02000083,0.199002217304782,51.4581188954868,4.224137931034483
E02000641,-0.113608240750948,51.4527735728291,8.67005076142132
E02000653,-0.0323705956576295,51.4930275408317,7.254835390946502
E02000744,0.0255237936542201,51.5236786376026,9.048421926910299
E02000291,-0.0748400225198599,51.6522327051603,6.503373702422147
E02000592,-0.176211448494378,51.494535240526,6.768367346938776
E02000753,0.100154635495001,51.6127421758147,0.6290404040404041
E02000029,-0.170901899849781,51.6530152922945,2.766432225063939
E02000390,-0.206759312421294,51.483771365181,5.220161290322581
E02000697,-0.199266557277486,51.419149689838,8.45720640569395
E02000344,0.0727990286905323,51.4370098281392,2.5966216216216216
E02000181,-0.182881238517338,51.5464640410182,11.700000000000001
E02000546,-0.386987252974834,51.4672335016073,2.5559734513274335
E02000806,-0.358950975963602,51.4217436939387,4.708612662942272
E02006921,-0.0556678207983582,51.5705456101903,5.584649122807018
E02000393,-0.216682879540588,51.48101651917,7.590697674418605
E02000077,0.121216435527205,51.4721001353459,5.885824742268041
E02000341,0.0411403696125327,51.4525221252877,5.342063492063492
E02000647,-0.106716877788103,51.4330596094599,4.255172413793103
E02000911,-0.0206132617446626,51.5869219416416,10.901805251641136
E02006882,-0.31817692596747,51.6009758317227,10.329081632653063
E02000941,-0.172264036505652,51.4562830371741,6.726801801801802
E02000136,0.093618579325346,51.4210167561503,2.468775933609958
E02000417,-0.133431541894383,51.5905948035389,7.9704142011834325
E02000964,-0.203091925016614,51.5329094359043,15.48538961038961
E02000261,-0.250714237368758,51.5193064933662,11.817739273927394
E02000792,-0.308449961785582,51.4577877662489,7.4282051282051285
E02000543,-0.362192424451732,51.4760232663992,5.693639053254438
E02000187,-0.13097573057324,51.5419475999315,9.853531300160515
E02000889,-0.0605464657906407,51.5096336330501,6.07895256916996
E02000515,-0.47616944415571,51.5316064323557,3.2761658031088086
E02000566,-0.101821002050652,51.5553553573995,12.700460122699386
E02000059,-0.241554187063802,51.5892971696239,2.226712328767123
E02000586,-0.187907548001122,51.5023818583277,6.8716981132075485
E02000845,-0.228560056017223,51.3835334839799,3.513855421686747
E02000759,0.0430646565243057,51.6007172104404,6.002824858757062
E02000767,0.0853210104150804,51.5872077735468,2.085483870967742
E02006955,-0.280720185263007,51.562278937126,4.275
E02000691,-0.198642648444111,51.4317403139947,5.01159793814433
E02000163,0.133792457125927,51.3695764726146,2.1246724890829696
E02000216,-0.0635614514987223,51.3740461754354,4.6579710144927535
E02000869,-0.0651056368467356,51.528754450168,16.393192488262912
E02000741,0.0360583928493242,51.5309704954677,9.466013071895423
E02000735,0.0360476951994111,51.5338968715696,5.61470588235294
E02000920,-0.0155727401175722,51.5677844606142,15.833291457286434
E02000537,-0.366845072006515,51.4875262120604,4.155341880341881
E02000015,0.161166985466836,51.5423489810124,3.1141304347826084
E02000714,0.0235976845410471,51.556503642707,14.703378378378378
E02000897,0.0072088081164918,51.6270160599204,10.065686274509805
E02000609,-0.256536783280263,51.3986318645763,5.236111111111111
E02000560,-0.11849826963321,51.5621129554287,3.783085501858736
E02000038,-0.150656412509834,51.6218286074288,7.031749311294766
E02000935,-0.243952188574371,51.4652217527807,11.011929460580912
E02000142,0.040340288579158,51.4140290540988,3.023529411764706
E02000669,-0.00824166418440734,51.4537399013411,6.985852713178295
E02000411,-0.0521612718060809,51.6017267692194,10.769926004228331
E02000786,-0.24308970945151,51.4741287234647,5.353985507246376
E02000254,-0.372948506108429,51.5289866322423,2.041176470588235
E02006987,-0.0952578281443545,51.3791420106882,11.039980732177264
E02000837,-0.0884876784088754,51.4541074745629,9.169444444444444
E02000825,-0.0728512811501564,51.4815217270565,9.308333333333334
E02006999,0.0168903420125016,51.5058410452768,8.553846153846154
E02000373,-0.2300683880852,51.5141893447202,4.55
E02000463,-0.372636477767757,51.5658457949244,2.528398058252427
E02000009,0.116154365449645,51.5560394810069,1.6377697841726617
E02000630,-0.14287584840759,51.4683335159456,10.47212643678161
E02000720,0.0358591665674194,51.5534850257899,11.39642857142857
E02000052,-0.169755069207058,51.5973682266826,4.344776119402985
E02000315,0.121339533864153,51.4908378335341,1.0170415224913496
E02006793,-0.0739373908086115,51.6181337415867,7.938196480938416
E02000157,0.0857819702719507,51.3769030579151,1.3080152671755725
E02000210,-0.0771098433376776,51.3895193727678,8.437037037037037
E02000203,-0.105261215360236,51.4020956348017,10.214462809917357
E02000729,0.0203137204058007,51.544897603618,11.508904109589041
E02000103,-0.241351903863955,51.5724758697859,4.773094170403587
E02000624,-0.110291470321443,51.4795278815727,12.795454545454547
E02000366,-0.0447929913519738,51.5441638432875,14.229411764705882
E02000521,-0.451788429781747,51.507515973127,3.369134897360704
E02000471,0.188678766464342,51.6028646491803,3.1373626373626378
E02000572,-0.116450790771583,51.5413469951031,9.800925925925924